Matematyka; OK; B23: ; ; :Matematyka; OK; B23:Pr. ap. Mob; OK; B90:Religia; WD; B7
J. polski; GK; B42:Angielski; GK; B4:Pr. ap. Int.; OK; B90:Pr. ap. Int.; OK; B90:Pr. ap. mob.; OK; B90:Pr. ap. Int; OK.; B90
Matematyka; OK; B23:Niemiecki; OS; B76:Matematyka; OK; B23:Religia; WD; B7:Religia; WD; B7
Angielski; GK; B4:J. polski; GK; B42:J. polski; GK; B42:J. polski; GK; B42:Pr. ap. Int.; OKB; B90
Angielski; GK; B4:Matematyka; OK; B23:Niemiecki; OS; B76:Niemiecki; OS; B76:Pr. ap. mob.; OK; B90
