Matematyka; OK; B23:J. polski; GK; B42:J. polski; GK; B42:Angielski; GK; B4:Niemiecki; OS; B76
J. polski; GK; B42:Programowani ap. Int.; OK; B90:Angielski; GK; B4:Niemiecki; OS; B76
Matematyka; OK; B23:Matematyka; OK; B23: ; ; :J. polski; GK; B42:Religia; WD; B7:Religia; WD; B7
Programowani ap. mob.; OK; B90:Programowani ap. mob.; OK; B90:Programowani ap. mob.; OK; B90:Programowani ap. Int.; OK; B90:Programowani ap. Int.; OK; B90
J. polski; GK; B42:Matematyka; OK; B23:Matematyka; OK; B23:J. polski; GK; B42: ; ; :Angielski; GK; B4
